"id","SalePrice"
1461,133334.369770286
1462,164255.144049831
1463,186007.282876303
1464,199569.055047521
1465,187548.771401837
1466,174560.952691927
1467,176265.931373446
1468,161535.972864751
1469,197857.998008881
1470,118903.84760928
1471,191375.00626762
1472,95193.4068133871
1473,93463.5505063258
1474,154938.676669564
1475,117207.197956642
1476,375574.509601715
1477,263236.529331568
1478,281766.996374891
1479,262197.764499956
1480,494112.947736925
1481,358808.647442869
1482,210845.436424568
1483,176991.597081978
1484,161776.628228357
1485,185486.485640845
1486,213800.075532623
1487,332405.329241483
1488,247713.877711963
1489,200011.667523342
1490,220304.895298972
1491,188429.215221445
1492,109839.896538336
1493,179858.20825366
1494,300063.289195491
1495,290868.480728723
1496,215913.431827948
1497,210390.887859725
1498,177971.098761862
1499,172700.433473074
1500,161930.057460707
1501,171602.916412722
1502,165377.412421165
1503,283054.111186137
1504,255020.583556027
1505,218240.529693626
1506,183929.143004313
1507,254960.761754664
1508,186224.3578642
1509,171347.15344951
1510,145062.799492154
1511,156074.372769022
1512,177080.910757227
1513,135596.661361708
1514,158190.416826758
1515,195125.905626892
1516,141117.809578559
1517,162724.216923471
1518,141712.423923287
1519,215854.137575931
1520,128733.553255898
1521,133067.098489444
1522,176441.515472304
1523,123014.731421374
1524,123310.135256052
1525,132275.180501068
1526,118528.647988343
1527,109853.410311561
1528,139691.115968781
1529,147340.039776052
1530,168387.683303298
1531,74135.2857376566
1532,102075.81571471
1533,150506.494152694
1534,121213.059624193
1535,151836.72816113
1536,115339.129402383
1537,57485.8620495111
1538,152058.873181557
1539,228170.334387064
1540,73463.9280152588
1541,138366.833417927
1542,146904.247764379
1543,200729.011283561
1544,64771.6196469656
1545,117112.784020954
1546,127835.203170012
1547,128919.929954323
1548,131982.841957174
1549,123755.102714234
1550,135270.404667912
1551,97644.6322797218
1552,152790.923421477
1553,146000.599222222
1554,123756.282940492
1555,154649.040570697
1556,76053.9841360836
1557,122923.024517806
1558,95795.7465925319
1559,44742.546577034
1560,117362.895551385
1561,122484.903529692
1562,132996.305635136
1563,93386.1253320846
1564,172127.078548716
1565,148417.631847968
1566,248664.192957975
1567,82458.6427732288
1568,229116.676279831
1569,134208.762326689
1570,136965.600841454
1571,122576.751164757
1572,148573.551525156
1573,220486.285473616
1574,109936.415040548
1575,243399.436543458
1576,239055.929892859
1577,182734.996267662
1578,147788.963265428
1579,147567.849054959
1580,217045.606297462
1581,151830.501768915
1582,127965.716819304
1583,336053.340220471
1584,226883.823483831
1585,141861.29946534
1586,84921.4963459349
1587,104633.989407662
1588,161133.165931086
1589,97338.2795852442
1590,134933.737103005
1591,107786.407277723
1592,112055.227491823
1593,117031.61538294
1594,130929.644105621
1595,106091.251182207
1596,233350.57210163
1597,196248.994312337
1598,233311.408269751
1599,176393.73390463
1600,168509.130857158
1601,57116.0162683074
1602,123364.00677097
1603,75084.6041039699
1604,275030.484240857
1605,251606.885162648
1606,169389.179799584
1607,150139.351652594
1608,218261.551875235
1609,185074.957413006
1610,155434.615933071
1611,132461.631557911
1612,168625.519882578
1613,165226.546882048
1614,134517.961325148
1615,91542.2394890298
1616,69512.0083671682
1617,93626.0041546131
1618,126569.107119179
1619,148798.301231841
1620,162925.151442852
1621,137770.226652008
1622,136587.194244142
1623,303793.52214129
1624,207838.053260711
1625,130743.977885823
1626,168014.25143837
1627,164340.068080616
1628,268137.242336132
1629,180388.833743829
1630,356693.350381749
1631,241950.90122295
1632,230120.265697586
1633,173556.18661256
1634,191074.284741045
1635,177154.218769245
1636,150374.787438608
1637,205957.671622304
1638,193329.373524989
1639,191131.511217254
1640,303790.335237131
1641,169401.780552841
1642,235848.061496816
1643,238966.577847393
1644,238956.322734496
1645,207577.966646641
1646,155502.966831502
1647,162835.057393252
1648,129861.937041465
1649,142514.759881164
1650,109297.892242717
1651,127122.420951184
1652,97535.9272979106
1653,104482.523072886
1654,145785.358364854
1655,156290.346036622
1656,148735.025006989
1657,148652.77778732
1658,147506.221456671
1659,128638.564428172
1660,153049.344759674
1661,487631.284447032
1662,463928.32698046
1663,403149.031122901
1664,548039.032937575
1665,323300.795632287
1666,351334.840894073
1667,316985.009817422
1668,350258.607815043
1669,302126.428248294
1670,365627.392630515
1671,263831.919949531
1672,453018.533460777
1673,304808.364568174
1674,249857.751603675
1675,180083.906638446
1676,185148.219921679
1677,222468.122496783
1678,474295.940948265
1679,368721.782187814
1680,351774.713452168
1681,248094.277017511
1682,331334.30864537
1683,177783.31070706
1684,176260.216056191
1685,163940.900039316
1686,167205.436279377
1687,176040.65296482
1688,188042.717825411
1689,195123.300432379
1690,191429.219245133
1691,188297.181925544
1692,277215.597226987
1693,175248.844530096
1694,183550.300519154
1695,166278.366823419
1696,288209.407438845
1697,187639.654521726
1698,371302.317267638
1699,342593.498794557
1700,239433.080509694
1701,265937.69782139
1702,272171.800800395
1703,264818.055578004
1704,297727.610282245
1705,227649.342446766
1706,445137.633269505
1707,209883.068832792
1708,209311.590566669
1709,279407.678615925
1710,220613.116018932
1711,257202.919077599
1712,262403.387232424
1713,250838.537796607
1714,219518.849442394
1715,207431.328789623
1716,184752.946618316
1717,167052.584497731
1718,133733.09509454
1719,210660.525907606
1720,253584.857289104
1721,169431.185955859
1722,119152.216100647
1723,147376.015856883
1724,210999.115902126
1725,239156.947034834
1726,186795.497113212
1727,160814.312222107
1728,190602.546953799
1729,159271.703809624
1730,176128.982863922
1731,129380.945249964
1732,135215.202260954
1733,117430.630307475
1734,126716.332936218
1735,128418.665937845
1736,125121.019636807
1737,407705.601777271
1738,233415.785563461
1739,264161.482744392
1740,236945.302503389
1741,194103.442996927
1742,171476.949632544
1743,174665.863011863
1744,346455.070608642
1745,242492.366288995
1746,208017.113811715
1747,223754.773332304
1748,214638.707619687
1749,156198.409183019
1750,136224.252746313
1751,236521.989869562
1752,126342.263208955
1753,153986.340401766
1754,192405.297787326
1755,151970.729835984
1756,134874.684605338
1757,122517.731736755
1758,151092.822117173
1759,160208.592595261
1760,171544.502131241
1761,140826.072019853
1762,194218.801707852
1763,163566.566154786
1764,123388.244863237
1765,168723.966671323
1766,181040.461611077
1767,225693.226985588
1768,148322.687491297
1769,186684.191495655
1770,150225.573194853
1771,137531.570349759
1772,150304.963679451
1773,137631.419586319
1774,125562.702163186
1775,134933.479737571
1776,121587.248034513
1777,112388.925933677
1778,137076.542617294
1779,120384.295397945
1780,187256.741027606
1781,133040.705351028
1782,89056.3108360361
1783,153607.33989648
1784,107188.07068236
1785,126311.060315478
1786,146409.69271511
1787,189266.134728759
1788,47789.6223551377
1789,102636.12015504
1790,78615.906478625
1791,181622.893943779
1792,157565.275719906
1793,127072.603792565
1794,142660.668813033
1795,134768.737984025
1796,114710.571479147
1797,113290.929448431
1798,128545.239353934
1799,105939.392865354
1800,119418.868393464
1801,135965.840236248
1802,134603.298788516
1803,150598.38406629
1804,140420.125455871
1805,138798.873614559
1806,121925.260948399
1807,139643.431410394
1808,115681.724659879
1809,126457.624172505
1810,134458.834327773
1811,96669.8030716895
1812,101981.432705347
1813,122673.698172847
1814,96581.7081544231
1815,53553.3405823775
1816,88408.4492753968
1817,99806.4645721361
1818,159233.583145674
1819,128068.880167857
1820,40262.2058396007
1821,101678.247694196
1822,158578.456811137
1823,31165.496463324
1824,117839.771032006
1825,138592.928143757
1826,98302.1297760878
1827,107169.876619875
1828,128424.177187358
1829,119092.460442863
1830,153334.376301184
1831,156601.424645576
1832,58390.5201087755
1833,150275.438131196
1834,128037.128744033
1835,129222.11999259
1836,149952.755708396
1837,75289.1749347598
1838,126078.065659353
1839,93346.5020630303
1840,161647.08306284
1841,152815.6966021
1842,78747.2955733418
1843,131817.302718804
1844,121032.168607756
1845,135673.755041052
1846,156737.389183525
1847,161617.641438099
1848,59454.3900956754
1849,107565.936219853
1850,118641.287051958
1851,154235.751400885
1852,123090.540900558
1853,135171.623757153
1854,175936.594752908
1855,159195.927068211
1856,227811.359157555
1857,157525.760729027
1858,130946.501863026
1859,114886.177784272
1860,143347.063577702
1861,110459.566980864
1862,338128.454347099
1863,335907.550978347
1864,335907.550978347
1865,327973.276003299
1866,358771.693194098
1867,248939.670379885
1868,332735.814115419
1869,208293.641596537
1870,236992.534658063
1871,254899.738526515
1872,161293.521979557
1873,250414.762176569
1874,159192.435221967
1875,218772.53395481
1876,198075.679647761
1877,214151.063822765
1878,181042.533466594
1879,125328.81698088
1880,132868.770651392
1881,232866.382037657
1882,255428.767311398
1883,200716.951549383
1884,212270.443367255
1885,268088.405104315
1886,328429.625985039
1887,205497.393502199
1888,283167.509298159
1889,168282.050198318
1890,121729.607647863
1891,132682.885332963
1892,108505.779282468
1893,129143.765777773
1894,134404.988538773
1895,132470.474620991
1896,132538.585983697
1897,111462.953957397
1898,114077.931999434
1899,184135.714722557
1900,166609.643262946
1901,190628.724027724
1902,156014.84647518
1903,237818.695293827
1904,150186.180136223
1905,205017.222349396
1906,147651.889782252
1907,209753.205125676
1908,128028.703726469
1909,145593.759593877
1910,129016.603016372
1911,204337.357137229
1912,317417.594381346
1913,162591.742113033
1914,53686.2937046556
1915,316377.062725144
1916,64514.9766409303
1917,258204.904173657
1918,137639.032618766
1919,174217.853838921
1920,143411.329993642
1921,423621.00025912
1922,322237.59773599
1923,254028.048337744
1924,234249.80591959
1925,195267.196459195
1926,405776.972958997
1927,141486.367501932
1928,153470.870592712
1929,118616.96333882
1930,142461.492073458
1931,141545.345037461
1932,138908.385892022
1933,170986.562086584
1934,185682.233285781
1935,174012.119163347
1936,195461.33550911
1937,155826.89256892
1938,172934.960627196
1939,231460.664468429
1940,185325.582205823
1941,168949.871290531
1942,180631.734566001
1943,198487.34145713
1944,364444.463593194
1945,389971.480277952
1946,139797.732498211
1947,330665.412479676
1948,178516.244759627
1949,229207.810021338
1950,191994.348233812
1951,228173.598413225
1952,251355.781824128
1953,166034.181592714
1954,196206.88836424
1955,135824.965097516
1956,256074.135870106
1957,159607.437644926
1958,314412.948791935
1959,145004.568920187
1960,123161.933675306
1961,97911.6025100071
1962,96342.4334451943
1963,106870.425822965
1964,109980.667916713
1965,148293.268489412
1966,146957.214660243
1967,281297.675687199
1968,410099.558695883
1969,413628.703531909
1970,455403.993053002
1971,453050.504967284
1972,401761.171583576
1973,262796.820503839
1974,309291.44498488
1975,513847.621871575
1976,268664.278037553
1977,340002.957378496
1978,365871.905660092
1979,342564.748410361
1980,198291.709711952
1981,399498.937610755
1982,216789.709622564
1983,198955.065020498
1984,162191.097438859
1985,225361.359242591
1986,209503.908194079
1987,172813.949041324
1988,169790.926067363
1989,215588.131686291
1990,217851.88046896
1991,228931.024250731
1992,230245.391782057
1993,176451.106994271
1994,247166.410575359
1995,192639.392368673
1996,228521.375652358
1997,341641.447496039
1998,350145.389053184
1999,247849.042918668
2000,341694.885281353
2001,259863.734348462
2002,231284.582482362
2003,263538.706063952
2004,272582.479832969
2005,224159.297668081
2006,223695.459003223
2007,252919.469840546
2008,207385.834735196
2009,197123.465684745
2010,191942.904005052
2011,134098.351147214
2012,172876.752384045
2013,173981.420957039
2014,187819.940825941
2015,206897.896644229
2016,188166.317839262
2017,202112.243627222
2018,132256.259738067
2019,143735.287727407
2020,107869.59900652
2021,89896.9056857505
2022,191862.561427659
2023,157187.809694399
2024,274383.129918266
2025,390683.585421724
2026,165889.519573148
2027,160986.479262739
2028,150523.001488339
2029,171167.497381966
2030,274432.852130248
2031,266642.16544179
2032,258886.66561107
2033,266687.941531945
2034,174112.382374175
2035,227613.306146341
2036,204208.198309335
2037,229182.017899624
2038,348915.039808713
2039,227241.553857305
2040,227030.572002497
2041,295767.273544949
2042,213926.120178551
2043,183269.040322239
2044,157310.930695008
2045,214391.986847663
2046,157732.460096322
2047,147202.54036494
2048,138141.239275297
2049,144008.741285938
2050,178042.398155853
2051,108418.581393998
2052,123317.896949111
2053,144609.882417014
2054,92094.860491013
2055,159490.428363785
2056,145086.734747829
2057,119368.313399295
2058,209007.199487263
2059,137728.18893023
2060,185589.820333365
2061,167430.265778265
2062,128637.828354508
2063,113653.017557611
2064,146542.398626622
2065,133262.418009889
2066,162280.061382172
2067,112543.589322827
2068,130121.653762786
2069,83046.0327802455
2070,124458.499267188
2071,83980.5714891331
2072,116876.803124466
2073,133367.307647035
2074,197279.936752942
2075,142400.77476191
2076,109673.781664064
2077,156714.969323784
2078,133481.826864677
2079,130915.53520687
2080,128006.972182832
2081,133875.503068478
2082,104566.555304971
2083,145678.343212815
2084,109408.854136839
2085,120888.318847556
2086,102647.475029182
2087,124931.556275502
2088,105661.818993774
2089,73035.7090698912
2090,127675.596663547
2091,124532.823189931
2092,130745.100075203
2093,114932.423096135
2094,115717.474734269
2095,146326.91721526
2096,78028.6653752091
2097,103121.286939509
2098,150908.351246695
2099,46513.263628367
2100,72843.2352745854
2101,112422.800686234
2102,123172.035337619
2103,108354.081473326
2104,129226.433318169
2105,122769.902276907
2106,70589.5620061698
2107,227282.733330385
2108,111071.716467454
2109,114812.136391467
2110,140827.146441615
2111,136439.689709695
2112,132858.380547867
2113,122375.26737308
2114,114176.432340327
2115,166188.320382476
2116,114974.849259518
2117,159849.945606411
2118,121657.536852653
2119,109748.800539811
2120,112646.995522265
2121,90260.7164599156
2122,121014.048196853
2123,83937.173864185
2124,172556.381112905
2125,124503.491997167
2126,147645.130969828
2127,161600.533847698
2128,123917.253143009
2129,97552.9509874837
2130,135214.686456875
2131,140647.026789384
2132,123508.917838595
2133,127739.04987443
2134,126560.537304141
2135,100581.294551325
2136,72530.6733125703
2137,109521.390940755
2138,131927.093923719
2139,148656.46375776
2140,142777.993696125
2141,135885.340788195
2142,127063.030468792
2143,155876.238271365
2144,121772.68480658
2145,137234.027573188
2146,168777.396490255
2147,134218.106027757
2148,140443.29467373
2149,156928.087537075
2150,258260.314880101
2151,118683.384514086
2152,183198.268504922
2153,157795.50093166
2154,98901.5007661564
2155,143536.253283409
2156,265064.15373148
2157,220631.000154109
2158,232983.669111655
2159,214866.244754547
2160,184185.24213364
2161,255880.793525439
2162,398296.055865521
2163,377354.190146545
2164,257224.014695027
2165,224451.504560658
2166,155647.180470533
2167,223518.036666227
2168,200374.604542083
2169,202496.565080579
2170,229123.449963338
2171,160428.144770257
2172,123035.380768509
2173,173530.86450013
2174,238003.15648029
2175,299480.084879665
2176,327243.747996352
2177,245348.683714682
2178,227183.265151649
2179,143793.282848268
2180,236506.651950502
2181,193167.929996722
2182,237735.927122788
2183,195057.623807625
2184,123424.022398066
2185,105965.260132437
2186,133904.105016254
2187,149947.035573828
2188,145967.325366214
2189,292548.774038632
2190,80999.0486066175
2191,82680.3080924305
2192,85927.2768457456
2193,106746.156241781
2194,97717.5733922082
2195,104450.044732472
2196,96517.8987487562
2197,109135.407175234
2198,159108.046935409
2199,209965.350755247
2200,145612.088819388
2201,157902.080654671
2202,180975.555480778
2203,148387.910986635
2204,182222.6659017
2205,136466.627007219
2206,136091.675545987
2207,222811.453324218
2208,286444.473847372
2209,224094.746924725
2210,133690.121755792
2211,116120.092938687
2212,118803.081690792
2213,109550.117835405
2214,121045.327803925
2215,100387.527560476
2216,146660.538116816
2217,57006.4188172866
2218,60964.0547678509
2219,59344.4935462006
2220,60587.1412707095
2221,305529.249638675
2222,260235.242057082
2223,272018.182721359
2224,226547.39634427
2225,115058.980471532
2226,180263.809682022
2227,203421.377671503
2228,258493.662765027
2229,272171.022111741
2230,158274.318417426
2231,208848.796328713
2232,183384.080980189
2233,170718.855269981
2234,230027.233558272
2235,213066.090643485
2236,290435.514175924
2237,348229.912891377
2238,216348.754316972
2239,89163.4728920991
2240,163837.743998208
2241,158099.473109576
2242,128723.363758855
2243,133319.874595961
2244,100412.134986651
2245,100287.723507357
2246,142302.622339983
2247,123091.48001044
2248,136014.733533065
2249,128471.706217979
2250,138579.050724402
2251,118897.611017835
2252,168649.000336008
2253,151008.695033654
2254,181897.637945805
2255,193278.3088776
2256,186926.655700275
2257,212572.085985389
2258,164968.644920631
2259,183166.473774294
2260,167417.652011837
2261,188982.063378654
2262,206037.628671251
2263,363815.920231803
2264,411456.966632871
2265,180549.411212857
2266,301830.66338074
2267,352527.660936094
2268,414056.526937138
2269,163973.892412293
2270,194761.888102981
2271,227138.637813378
2272,206984.140487121
2273,162566.779438956
2274,187512.823897591
2275,185687.014517514
2276,170766.239609301
2277,189608.307350581
2278,145372.047829411
2279,139549.042707711
2280,118898.177967177
2281,166453.843751547
2282,179379.773171747
2283,105602.181788107
2284,114738.25213944
2285,153332.036622131
2286,123832.549410752
2287,391338.019433249
2288,260257.082784201
2289,382091.174389549
2290,497684.943033371
2291,320759.458170546
2292,453486.665977504
2293,444586.95198165
2294,450386.922437918
2295,460180.184786984
2296,290896.221431434
2297,292919.515780268
2298,321691.664034898
2299,367269.561163123
2300,363361.337416351
2301,275106.033994168
2302,234168.279831079
2303,243724.394457085
2304,236279.181138288
2305,197261.687938566
2306,192598.611902294
2307,192407.499703815
2308,228117.681217772
2309,274802.387006826
2310,207807.134829799
2311,197194.915433349
2312,166767.656135063
2313,179665.344809142
2314,173848.900084415
2315,176804.673944398
2316,178415.827661976
2317,196647.857680626
2318,175419.233106122
2319,175147.425782127
2320,178974.112656169
2321,252728.268326657
2322,166902.737497176
2323,188609.360782858
2324,169707.393195542
2325,212440.355868374
2326,174828.848719763
2327,209897.480854222
2328,237433.444982212
2329,194048.102558401
2330,189389.635809207
2331,358065.162956012
2332,408612.555839082
2333,320846.65153571
2334,260694.033848916
2335,239334.229190307
2336,327837.870356813
2337,202941.412383866
2338,267704.409827404
2339,215106.331230945
2340,401854.67089344
2341,206472.335685222
2342,237648.654926003
2343,214271.38930144
2344,209365.094247336
2345,235985.979138777
2346,205176.63281422
2347,194400.03282158
2348,224588.754887454
2349,165284.22841516
2350,279891.462523336
2351,245539.453774226
2352,271666.381873739
2353,256794.594036443
2354,129634.012972533
2355,149006.053316586
2356,143094.106753614
2357,198113.274253011
2358,191819.018462904
2359,151746.398101507
2360,122281.82144326
2361,146749.66007388
2362,290638.889322195
2363,141036.949914685
2364,156802.873532334
2365,218446.051097615
2366,183973.00035724
2367,226079.04734893
2368,213702.43182465
2369,224077.864201745
2370,167327.30775323
2371,172545.355771698
2372,198597.350746046
2373,269654.074307655
2374,325306.470334394
2375,286865.198443046
2376,297270.825417209
2377,391544.085045895
2378,145239.155161525
2379,194669.226187029
2380,149798.245780689
2381,173478.080604335
2382,192816.391410083
2383,208928.680269445
2384,232743.382939929
2385,154236.486856013
2386,133240.179300239
2387,136327.443185647
2388,105219.975365614
2389,125643.916153056
2390,140507.465230588
2391,140128.226593378
2392,117460.199541728
2393,174724.340394642
2394,141630.007923612
2395,194166.946616335
2396,143547.341545571
2397,215461.313267853
2398,146923.582672169
2399,50816.1233125741
2400,55975.7283972107
2401,116160.963466398
2402,137258.7654738
2403,147707.380061903
2404,151274.633123293
2405,156698.081814083
2406,143395.60257035
2407,122274.591400997
2408,143093.560893957
2409,124426.693641589
2410,172029.106996239
2411,122872.509403199
2412,164652.564803606
2413,131511.552123047
2414,140867.846201183
2415,138245.222633755
2416,124907.848865894
2417,140690.08957818
2418,138093.55699225
2419,134687.14900859
2420,135397.40409584
2421,143262.467280223
2422,123469.112152877
2423,121581.682339392
2424,163665.181065857
2425,134109.989292168
2426,128070.834358794
2427,139125.812188209
2428,194032.928339023
2429,109353.567690696
2430,129336.903487084
2431,96782.8036631094
2432,144403.990496406
2433,150520.848254932
2434,136883.204052535
2435,157428.292746649
2436,107702.149862023
2437,90564.3112037225
2438,123203.755243038
2439,112507.746834709
2440,123645.862526149
2441,91341.9274641962
2442,103372.665380295
2443,114871.387596778
2444,133966.182041276
2445,68626.1429037162
2446,142837.373415987
2447,212887.150450629
2448,135562.526484878
2449,105661.012861146
2450,163728.407003471
2451,121486.756915946
2452,224771.957339001
2453,98693.4617132196
2454,109769.212037084
2455,120119.954962035
2456,128435.690338303
2457,129957.333478781
2458,127734.908012244
2459,111265.51852025
2460,147000.667372667
2461,119779.064746369
2462,141262.827163853
2463,120962.933255642
2464,200769.024162518
2465,140945.920558358
2466,121900.496464876
2467,136136.459474731
2468,70899.8441104786
2469,65680.0976831759
2470,186452.176953195
2471,243891.804186675
2472,165304.878884464
2473,115970.246729997
2474,65263.5075711336
2475,224936.860057106
2476,123248.999607563
2477,130253.259571344
2478,159885.926625206
2479,112465.587506553
2480,156543.040949674
2481,118632.009512558
2482,122908.37182477
2483,123389.656937717
2484,130531.558999525
2485,128102.471973046
2486,167215.482531569
2487,160107.021571186
2488,168936.498598096
2489,153601.919811237
2490,163420.313678651
2491,88902.3797027051
2492,179469.436191783
2493,146004.08018926
2494,137454.338610658
2495,91706.6884129662
2496,232934.570176289
2497,157019.555396537
2498,93356.11695162
2499,85713.253373008
2500,132405.555017401
2501,139583.648925789
2502,135870.827443043
2503,103659.745126486
2504,169774.734314923
2505,228298.972346133
2506,252028.592168868
2507,256653.571289503
2508,252204.832653747
2509,210277.554317817
2510,237756.106294803
2511,172295.582129602
2512,216085.642143037
2513,222170.65807071
2514,258869.630515655
2515,147243.116724861
2516,172974.54682859
2517,147941.823975963
2518,153318.730376432
2519,236922.254822148
2520,228495.007042813
2521,202758.21273078
2522,231379.447103493
2523,117023.914543154
2524,130046.846785749
2525,140094.286984757
2526,134091.061834596
2527,114180.896799982
2528,133642.701345087
2529,111535.473699553
2530,118192.724635127
2531,230133.872606654
2532,240326.415215797
2533,208079.414641105
2534,239190.476827235
2535,338236.819754162
2536,244487.037962021
2537,235239.309215615
2538,172465.401993778
2539,188365.791761339
2540,172085.552805561
2541,180715.301856088
2542,165231.116542348
2543,131666.15937291
2544,117907.556120714
2545,140161.907086422
2546,126966.973633783
2547,135938.353583447
2548,155592.268573373
2549,164819.095379383
2550,231853.911952631
2551,141042.599167128
2552,139778.135610363
2553,67439.6253336453
2554,89842.4821114158
2555,121680.047138583
2556,104326.102227384
2557,103822.295539174
2558,182071.886342902
2559,149881.698521811
2560,151977.831600428
2561,151605.654118414
2562,142868.98002997
2563,164502.674270355
2564,210198.357395914
2565,127666.708424514
2566,162662.93003462
2567,137527.373283358
2568,203915.89604183
2569,218104.662860164
2570,133630.593990427
2571,195810.039850492
2572,165419.685762263
2573,240645.663909176
2574,317276.561460626
2575,127060.364608286
2576,120878.404478834
2577,149125.183433573
2578,83957.5087036071
2579,59041.5224878614
2580,95130.3331809306
2581,99055.5505644334
2582,90146.2175600077
2583,296116.959442465
2584,175389.290247651
2585,188752.593176565
2586,224850.640949864
2587,202687.646678729
2588,152858.403335183
2589,149594.810340953
2590,214775.692551618
2591,237939.384348764
2592,226512.614572794
2593,267625.022423816
2594,192914.242540024
2595,203857.75799474
2596,328609.773940691
2597,175713.915702718
2598,277893.74999802
2599,299621.779196072
2600,141427.279664876
2601,149087.358547374
2602,80502.7204317636
2603,86490.6962659882
2604,93421.8452013506
2605,76690.1862869303
2606,139774.2698821
2607,198503.621260776
2608,186332.012986219
2609,162474.714275294
2610,99419.2522959408
2611,112967.587928617
2612,148552.299428232
2613,138194.341405063
2614,132578.028228715
2615,155268.830561466
2616,145017.430193905
2617,175576.391418635
2618,188948.36387108
2619,187860.426094817
2620,194002.583459965
2621,174819.512101244
2622,186887.975731093
2623,262424.158586279
2624,308559.917553237
2625,280385.710198597
2626,175624.95651561
2627,166348.947855605
2628,511887.765506565
2629,516855.455795413
2630,383832.178539478
2631,472313.939685697
2632,440677.658679449
2633,341309.603611423
2634,414409.695786249
2635,163093.512239486
2636,204478.102657969
2637,168466.228663847
2638,253643.388685484
2639,161510.864224872
2640,152875.89759219
2641,104459.308996523
2642,188470.191299645
2643,98712.4760714107
2644,124874.380235124
2645,103134.465894035
2646,95716.7545575718
2647,106505.972737837
2648,142445.325428768
2649,154183.984172805
2650,149832.678693745
2651,138946.675969408
2652,416812.011278613
2653,253626.698604836
2654,248686.011223296
2655,410864.87518382
2656,303893.202198481
2657,383009.812313145
2658,291734.681806318
2659,299291.643923567
2660,349573.176322722
2661,387550.481703116
2662,379542.782317842
2663,269805.585371801
2664,268008.903827414
2665,310807.425024798
2666,273220.63511595
2667,164007.360652989
2668,172392.718999307
2669,180283.924621172
2670,307612.955384561
2671,177702.455000216
2672,198809.399329616
2673,210198.958779098
2674,197579.495982296
2675,159899.345349226
2676,189263.246778766
2677,197183.256075026
2678,236040.448435693
2679,274838.293213473
2680,284142.171491838
2681,427550.200365417
2682,343474.821196266
2683,609497.26927312
2684,321294.617407552
2685,353685.401688428
2686,258749.67593991
2687,315884.435067096
2688,226972.98678884
2689,202136.338720345
2690,379424.077937742
2691,180779.59743219
2692,133885.845031857
2693,196421.254885766
2694,131626.486294658
2695,218518.352316888
2696,188535.807520205
2697,189214.158370475
2698,179716.58343935
2699,173415.554953919
2700,157896.509028095
2701,157833.427839041
2702,113681.093507502
2703,151426.333471793
2704,138792.652414702
2705,125350.572031866
2706,122035.075850888
2707,123910.517254094
2708,135148.550889214
2709,104767.689210809
2710,125322.004362237
2711,272194.124155841
2712,384633.567268975
2713,166227.630435071
2714,158161.604782633
2715,170562.629015504
2716,159050.54890641
2717,211722.1439327
2718,234800.010205421
2719,163470.193211176
2720,178425.526509357
2721,136777.244983516
2722,168032.198254971
2723,145607.645158897
2724,129671.848853364
2725,132850.651851535
2726,159195.471605661
2727,170837.585164165
2728,165067.947729239
2729,147475.979884736
2730,144764.701071883
2731,126971.696042133
2732,133666.409447541
2733,167645.804545375
2734,155306.002060058
2735,132426.391499967
2736,147180.782564375
2737,124929.888270406
2738,139073.81106905
2739,164446.520109644
2740,137650.059136489
2741,139224.030569658
2742,144121.814365585
2743,155351.775209778
2744,152787.572064305
2745,127758.299113905
2746,143767.915673362
2747,137921.668717972
2748,114447.883469696
2749,127210.830819936
2750,139095.829578081
2751,138118.186392444
2752,183645.025492339
2753,147346.644101413
2754,224252.309069321
2755,128178.849756506
2756,96832.750454021
2757,84556.0596391902
2758,94224.6262446647
2759,146793.051415995
2760,131875.896959483
2761,150639.178184769
2762,143724.870279363
2763,189225.707438642
2764,136530.80343827
2765,297437.28624238
2766,137854.077656
2767,88688.9807631072
2768,135131.409911956
2769,137873.536277404
2770,149807.389019053
2771,119093.369049695
2772,117665.933959102
2773,174477.236201349
2774,145308.427101937
2775,113504.081778596
2776,143021.38929865
2777,145245.942351855
2778,95191.3188156219
2779,116226.120213082
2780,95654.8849519987
2781,93668.425902181
2782,94203.5116033755
2783,97477.5297914869
2784,122388.806035268
2785,131542.032517783
2786,57155.4117146835
2787,119636.932520579
2788,70345.816151355
2789,174363.958363049
2790,97175.3155717969
2791,113738.567843148
2792,56841.1158257185
2793,166077.256348675
2794,77888.3725537205
2795,119119.721663535
2796,95977.1723345106
2797,186121.912360728
2798,103495.475174117
2799,129961.795286334
2800,63790.1161793773
2801,114955.1142125
2802,135261.503690935
2803,149211.249458779
2804,127706.893059579
2805,100932.211690805
2806,71048.8218188173
2807,157763.902137475
2808,147316.997214536
2809,137833.83308709
2810,129093.402713687
2811,152336.829957934
2812,163721.536830243
2813,165801.106784879
2814,180591.257098137
2815,101641.309622713
2816,251936.553704931
2817,161232.158880883
2818,128550.388249369
2819,190839.362073421
2820,138570.196335427
2821,101642.472821847
2822,195074.924569313
2823,365750.151921813
2824,175463.571305105
2825,135770.960666959
2826,128993.842657407
2827,146074.413496746
2828,219363.567069222
2829,219105.355429489
2830,221196.04240289
2831,175420.571453765
2832,252025.467596698
2833,290018.68036192
2834,217869.748539598
2835,213783.764503577
2836,195960.235585479
2837,163966.386454984
2838,148978.345760027
2839,179230.149461069
2840,215256.957719245
2841,209820.628173984
2842,240272.102582171
2843,157238.785990631
2844,178983.329776286
2845,126887.44561293
2846,222728.172984272
2847,207149.426444991
2848,222366.944173446
2849,200777.257466593
2850,269761.846785726
2851,227554.0540327
2852,235859.082944033
2853,244141.737418917
2854,140764.575039995
2855,200577.455885151
2856,209940.923071727
2857,195289.544295136
2858,202750.284908475
2859,131127.328418392
2860,135417.936531771
2861,126663.775779793
2862,200015.100980637
2863,126649.160308319
2864,262562.092039571
2865,141752.568415514
2866,140130.231158077
2867,98516.9538343721
2868,103557.280432467
2869,98175.3702371345
2870,114300.522165764
2871,76938.4501207246
2872,53988.7572632598
2873,109788.580300079
2874,140462.582949599
2875,124999.844453495
2876,169311.172927657
2877,144320.422060008
2878,168892.682252559
2879,140773.972402854
2880,104359.636798768
2881,155148.935399873
2882,184968.910565392
2883,205588.543288898
2884,194435.075505789
2885,176095.560067752
2886,226286.33947955
2887,97051.4899245542
2888,129408.463540457
2889,57626.5996807445
2890,80406.8108885683
2891,139965.818565375
2892,34973.9727598867
2893,67693.6985091015
2894,44146.0237886439
2895,321946.399774162
2896,293292.125878675
2897,222805.291212177
2898,154223.984595776
2899,220141.498807495
2900,163611.497223998
2901,209500.511647173
2902,176524.322626558
2903,348144.906200015
2904,375647.226320348
2905,76853.0166183743
2906,210302.823410152
2907,129775.273775844
2908,127745.262919526
2909,148897.241979092
2910,75223.4336147869
2911,71646.2980748673
2912,143845.265255143
2913,69146.8411996572
2914,70409.1076458174
2915,85378.6819483411
2916,67989.8899541244
2917,174691.517345206
2918,115688.785527497
2919,230756.479634495
